filename,label
40_454.png,13
7_456.png,13
40_468.png,40
11_498.png,8
11_473.png,39
27_459.png,13
40_483.png,40
40_497.png,40
37_459.png,13
11_467.png,13
27_465.png,27
37_471.png,37
7_495.png,13
7_481.png,13
37_465.png,37
27_471.png,13
41_451.png,13
10_489.png,13
6_453.png,13
41_479.png,13
41_492.png,13
10_462.png,13
10_476.png,13
41_486.png,13
6_484.png,23
36_460.png,36
26_474.png,13
26_460.png,13
36_474.png,36
6_490.png,13
15_484.png,15
44_474.png,44
44_460.png,44
15_490.png,15
49_457.png,49
23_492.png,13
3_462.png,13
33_486.png,13
33_492.png,48
3_476.png,13
23_486.png,23
49_480.png,49
18_470.png,13
33_479.png,13
18_464.png,13
3_489.png,3
49_494.png,49
23_479.png,23
15_453.png,15
23_451.png,23
18_458.png,13
33_451.png,13
45_465.png,45
14_495.png,13
48_452.png,48
14_481.png,18
45_471.png,45
45_459.png,45
32_497.png,13
2_473.png,2
22_483.png,22
22_497.png,22
2_467.png,2
32_483.png,32
32_468.png,32
19_461.png,13
48_491.png,48
14_456.png,37
48_485.png,22
22_468.png,13
2_498.png,2
19_475.png,13
32_454.png,32
22_454.png,22
22_455.png,22
32_455.png,13
48_484.png,13
22_469.png,22
19_474.png,19
2_499.png,37
19_460.png,13
32_469.png,32
14_457.png,18
48_490.png,48
22_496.png,13
32_482.png,32
2_466.png,13
2_472.png,2
32_496.png,13
45_458.png,45
22_482.png,22
14_480.png,14
45_470.png,45
45_464.png,45
48_453.png,48
14_494.png,37
33_450.png,48
18_459.png,13
23_450.png,18
3_488.png,13
18_465.png,23
15_452.png,15
49_495.png,49
23_478.png,18
49_481.png,49
33_478.png,13
18_471.png,23
3_477.png,13
33_493.png,13
23_487.png,23
23_493.png,23
33_487.png,13
3_463.png,3
44_461.png,13
49_456.png,49
15_491.png,39
15_485.png,15
44_475.png,13
26_461.png,13
6_491.png,13
36_475.png,13
36_461.png,36
6_485.png,13
26_475.png,13
10_477.png,13
41_487.png,13
41_493.png,13
10_463.png,13
10_488.png,10
41_478.png,13
6_452.png,13
41_450.png,13
37_464.png,37
7_480.png,13
27_470.png,13
27_464.png,27
7_494.png,13
37_470.png,37
37_458.png,37
40_496.png,40
11_466.png,13
27_458.png,27
11_472.png,13
40_482.png,40
40_469.png,40
11_499.png,11
7_457.png,7
40_455.png,13
37_499.png,37
40_457.png,13
7_469.png,13
27_499.png,20
7_455.png,13
11_464.png,11
40_494.png,13
40_480.png,13
11_470.png,11
11_458.png,13
27_472.png,27
7_482.png,13
37_466.png,37
37_472.png,37
7_496.png,18
27_466.png,27
36_488.png,13
26_488.png,13
6_478.png,13
41_452.png,13
6_450.png,13
41_485.png,13
10_475.png,13
10_461.png,13
41_491.png,13
36_477.png,36
6_493.png,18
26_463.png,13
26_477.png,13
6_487.png,13
36_463.png,18
15_493.png,15
49_454.png,13
44_463.png,44
44_477.png,44
15_487.png,39
49_468.png,49
23_485.png,13
33_491.png,33
3_475.png,3
18_498.png,18
3_461.png,13
33_485.png,48
23_491.png,23
49_497.png,49
15_450.png,18
18_467.png,18
18_473.png,18
49_483.png,49
33_452.png,33
44_488.png,44
23_452.png,13
15_478.png,39
45_472.png,45
2_458.png,2
14_482.png,13
14_496.png,13
48_451.png,13
45_466.png,45
19_489.png,19
2_464.png,2
32_480.png,32
48_479.png,13
22_494.png,13
22_480.png,22
32_494.png,13
2_470.png,2
19_476.png,13
48_486.png,48
48_492.png,13
14_455.png,13
19_462.png,19
22_457.png,13
14_469.png,37
32_457.png,32
45_499.png,45
14_468.png,18
45_498.png,45
32_456.png,32
22_456.png,3
14_454.png,18
48_493.png,13
19_463.png,19
19_477.png,13
48_487.png,48
22_481.png,15
2_471.png,2
32_495.png,13
32_481.png,23
2_465.png,2
19_488.png,19
48_478.png,22
22_495.png,22
48_450.png,48
14_497.png,37
45_467.png,45
2_459.png,2
45_473.png,45
14_483.png,13
44_489.png,44
15_479.png,13
23_453.png,23
33_453.png,13
18_472.png,23
49_482.png,13
15_451.png,15
49_496.png,49
18_466.png,18
33_484.png,13
3_460.png,13
23_490.png,18
49_469.png,49
23_484.png,23
18_499.png,18
3_474.png,3
33_490.png,33
44_476.png,44
15_486.png,15
49_455.png,49
15_492.png,15
44_462.png,44
26_476.png,13
36_462.png,13
6_486.png,13
6_492.png,13
36_476.png,39
26_462.png,13
10_460.png,10
41_490.png,13
41_484.png,13
10_474.png,13
6_451.png,13
26_489.png,13
41_453.png,13
6_479.png,13
36_489.png,13
7_497.png,13
37_473.png,37
27_467.png,27
27_473.png,27
11_459.png,11
37_467.png,37
7_483.png,13
40_481.png,13
11_471.png,13
11_465.png,13
40_495.png,13
7_454.png,13
7_468.png,13
27_498.png,27
40_456.png,40
37_498.png,37
7_450.png,13
7_478.png,13
40_452.png,13
27_488.png,27
37_488.png,37
7_487.png,13
37_463.png,37
27_477.png,13
27_463.png,27
37_477.png,37
7_493.png,13
40_491.png,13
11_461.png,11
11_475.png,13
40_485.png,40
6_455.png,13
26_499.png,13
6_469.png,30
41_457.png,13
36_499.png,36
26_466.png,13
36_472.png,47
6_496.png,23
6_482.png,13
36_466.png,13
10_458.png,13
26_472.png,26
10_470.png,13
41_480.png,13
41_494.png,13
10_464.png,13
33_494.png,48
3_470.png,13
23_480.png,13
49_479.png,49
23_494.png,23
3_464.png,3
18_489.png,18
33_480.png,13
44_466.png,13
15_496.png,15
49_451.png,13
15_482.png,13
44_472.png,44
3_458.png,3
44_499.png,44
33_457.png,33
15_469.png,15
23_457.png,23
18_462.png,13
49_492.png,49
15_455.png,13
49_486.png,49
18_476.png,18
22_491.png,22
2_461.png,2
32_485.png,32
32_491.png,32
19_498.png,19
2_475.png,13
48_468.png,48
22_485.png,13
14_487.png,18
45_477.png,45
45_463.png,45
14_493.png,37
48_454.png,48
22_452.png,13
14_478.png,37
45_488.png,45
32_452.png,32
48_483.png,13
19_473.png,19
19_467.png,19
48_497.png,48
14_450.png,13
19_466.png,19
14_451.png,14
48_496.png,8
48_482.png,48
19_472.png,13
32_453.png,32
14_479.png,14
22_453.png,22
45_489.png,45
45_462.png,45
48_455.png,13
14_492.png,37
14_486.png,37
45_476.png,45
2_474.png,2
19_499.png,19
32_490.png,32
48_469.png,48
22_484.png,8
22_490.png,48
32_484.png,32
2_460.png,2
49_487.png,49
18_477.png,13
18_463.png,18
15_454.png,15
49_493.png,49
23_456.png,23
33_456.png,48
44_498.png,44
15_468.png,13
15_483.png,47
3_459.png,3
44_473.png,44
44_467.png,44
49_450.png,49
15_497.png,15
49_478.png,49
23_495.png,13
33_481.png,33
18_488.png,18
3_465.png,3
3_471.png,13
33_495.png,13
23_481.png,13
41_495.png,13
10_465.png,13
10_471.png,13
41_481.png,13
36_467.png,36
6_483.png,23
26_473.png,26
10_459.png,13
26_467.png,13
6_497.png,13
36_473.png,36
36_498.png,36
41_456.png,13
26_498.png,13
6_468.png,13
6_454.png,30
11_474.png,17
40_484.png,13
40_490.png,40
11_460.png,11
27_462.png,27
7_492.png,13
37_476.png,37
37_462.png,37
7_486.png,13
27_476.png,27
37_489.png,37
40_453.png,40
7_479.png,13
27_489.png,13
7_451.png,13
7_453.png,13
40_479.png,1
11_489.png,48
40_451.png,13
37_474.png,37
7_490.png,7
27_460.png,27
27_474.png,20
7_484.png,13
37_460.png,37
40_486.png,40
11_476.png,11
11_462.png,13
40_492.png,13
10_498.png,13
41_468.png,13
6_456.png,13
41_454.png,13
26_471.png,13
6_481.png,13
36_465.png,48
36_471.png,36
6_495.png,13
26_465.png,13
10_467.png,10
36_459.png,13
41_497.png,13
41_483.png,13
10_473.png,10
26_459.png,13
3_467.png,3
33_483.png,13
23_497.png,23
23_483.png,23
33_497.png,13
44_459.png,44
3_473.png,13
44_471.png,44
15_481.png,15
15_495.png,15
49_452.png,49
44_465.png,44
23_454.png,13
33_454.png,33
18_475.png,13
3_498.png,3
49_485.png,49
23_468.png,13
49_491.png,49
15_456.png,13
33_468.png,13
18_461.png,18
22_486.png,13
32_492.png,32
2_476.png,13
2_462.png,44
32_486.png,32
22_492.png,22
14_490.png,13
48_457.png,13
45_460.png,45
45_474.png,45
14_484.png,13
19_458.png,19
32_451.png,13
22_451.png,13
48_494.png,48
22_479.png,8
14_453.png,13
2_489.png,2
19_464.png,13
19_470.png,19
32_479.png,13
48_480.png,33
32_478.png,32
19_471.png,19
48_481.png,13
14_452.png,14
48_495.png,48
22_478.png,22
19_465.png,13
2_488.png,39
22_450.png,22
32_450.png,32
19_459.png,19
45_475.png,45
14_485.png,37
48_456.png,13
14_491.png,37
45_461.png,13
32_487.png,46
2_463.png,13
22_493.png,13
22_487.png,13
2_477.png,2
32_493.png,46
15_457.png,13
49_490.png,49
18_460.png,13
33_469.png,13
3_499.png,3
18_474.png,23
49_484.png,49
23_469.png,23
33_455.png,48
23_455.png,23
49_453.png,49
15_494.png,15
44_464.png,44
44_470.png,44
15_480.png,13
23_482.png,23
3_472.png,3
44_458.png,44
33_496.png,47
33_482.png,33
3_466.png,13
23_496.png,13
41_482.png,13
26_458.png,13
10_472.png,10
10_466.png,13
41_496.png,13
36_458.png,13
6_494.png,39
36_470.png,13
26_464.png,13
26_470.png,13
36_464.png,36
6_480.png,13
41_455.png,13
6_457.png,13
10_499.png,13
41_469.png,13
11_463.png,11
40_493.png,40
40_487.png,13
11_477.png,11
27_475.png,13
37_461.png,37
7_485.png,13
7_491.png,13
37_475.png,37
27_461.png,13
40_450.png,13
40_478.png,40
7_452.png,13
11_488.png,13
17_455.png,13
21_457.png,18
31_457.png,13
46_499.png,46
17_469.png,13
17_482.png,17
1_458.png,1
46_472.png,46
46_466.png,46
17_496.png,13
21_494.png,23
31_480.png,31
1_464.png,1
1_470.png,1
31_494.png,13
21_480.png,18
16_450.png,16
30_452.png,30
16_478.png,16
20_452.png,20
47_488.png,47
47_463.png,47
16_493.png,8
16_487.png,16
47_477.png,47
0_475.png,0
30_491.png,30
20_485.png,20
20_491.png,20
30_485.png,30
0_461.png,0
8_498.png,13
13_475.png,13
28_468.png,13
42_485.png,13
42_491.png,13
13_461.png,13
38_468.png,13
25_463.png,25
5_493.png,13
28_454.png,28
35_477.png,13
35_463.png,13
5_487.png,5
38_454.png,38
25_477.png,13
35_488.png,13
42_452.png,42
5_478.png,5
25_488.png,13
38_483.png,13
8_467.png,8
28_497.png,13
5_450.png,13
28_483.png,28
8_473.png,8
38_497.png,34
29_479.png,41
43_494.png,43
12_464.png,13
9_489.png,9
39_479.png,39
12_470.png,13
43_480.png,43
34_466.png,34
4_482.png,13
24_472.png,13
39_451.png,39
12_458.png,13
24_466.png,13
4_496.png,4
34_472.png,13
29_451.png,13
34_499.png,13
43_457.png,43
24_499.png,23
4_469.png,4
29_486.png,13
9_476.png,9
39_492.png,13
39_486.png,39
9_462.png,13
29_492.png,13
4_455.png,13
9_463.png,9
39_487.png,39
4_454.png,23
29_493.png,13
29_487.png,13
39_493.png,39
9_477.png,9
24_498.png,39
4_468.png,13
43_456.png,43
34_498.png,13
24_467.png,13
34_473.png,34
29_450.png,13
4_497.png,4
4_483.png,13
34_467.png,13
12_459.png,13
24_473.png,13
39_450.png,13
12_471.png,13
39_478.png,13
43_481.png,43
29_478.png,13
43_495.png,13
9_488.png,13
12_465.png,13
28_482.png,28
38_496.png,13
8_472.png,8
8_466.png,8
38_482.png,13
5_451.png,13
28_496.png,28
5_479.png,13
42_453.png,42
25_489.png,25
35_489.png,13
5_486.png,13
35_462.png,18
38_455.png,38
25_476.png,25
25_462.png,25
28_455.png,13
35_476.png,13
5_492.png,13
42_490.png,13
38_469.png,13
13_460.png,13
13_474.png,13
8_499.png,8
28_469.png,13
42_484.png,42
20_490.png,20
0_460.png,13
30_484.png,13
30_490.png,30
0_474.png,13
20_484.png,13
16_486.png,16
47_476.png,47
47_462.png,13
16_492.png,13
20_453.png,13
16_479.png,16
47_489.png,13
30_453.png,30
16_451.png,16
31_495.png,31
1_471.png,1
21_481.png,13
21_495.png,13
1_465.png,1
31_481.png,13
46_467.png,46
17_497.png,17
17_483.png,33
46_473.png,46
1_459.png,1
46_498.png,46
31_456.png,13
17_468.png,17
21_456.png,13
17_454.png,13
17_456.png,13
31_468.png,13
1_498.png,13
21_468.png,13
31_454.png,13
21_454.png,13
17_495.png,17
46_465.png,46
46_471.png,13
17_481.png,17
21_483.png,13
1_473.png,1
46_459.png,46
31_497.png,39
31_483.png,31
1_467.png,1
21_497.png,13
30_479.png,13
16_453.png,16
20_479.png,13
0_489.png,13
20_451.png,20
30_451.png,30
47_474.png,47
16_484.png,8
16_490.png,16
47_460.png,8
30_486.png,30
0_462.png,13
20_492.png,13
20_486.png,20
0_476.png,13
30_492.png,13
13_462.png,13
42_492.png,13
42_486.png,13
13_476.png,13
25_474.png,13
38_457.png,13
35_460.png,13
5_484.png,5
5_490.png,5
35_474.png,13
28_457.png,28
25_460.png,25
42_451.png,13
8_458.png,8
8_470.png,8
38_494.png,13
28_480.png,13
28_494.png,28
42_479.png,13
5_453.png,13
38_480.png,13
13_489.png,13
8_464.png,13
43_483.png,43
24_459.png,13
12_473.png,23
12_467.png,13
43_497.png,43
34_459.png,13
4_495.png,13
29_452.png,13
34_471.png,13
24_465.png,13
39_452.png,39
24_471.png,13
34_465.png,13
4_481.png,13
43_454.png,43
29_491.png,13
4_456.png,4
39_485.png,39
9_461.png,9
9_475.png,13
12_498.png,13
39_491.png,39
29_485.png,13
43_468.png,13
39_490.png,39
12_499.png,12
9_474.png,13
29_484.png,13
43_469.png,43
4_457.png,4
29_490.png,13
9_460.png,9
39_484.png,39
43_455.png,43
39_453.png,23
24_470.png,13
4_480.png,13
34_464.png,13
29_453.png,13
34_470.png,13
4_494.png,4
24_464.png,13
12_466.png,13
34_458.png,34
43_496.png,43
43_482.png,43
12_472.png,39
24_458.png,13
5_452.png,5
28_495.png,28
42_478.png,13
8_465.png,48
13_488.png,13
38_481.png,13
38_495.png,13
8_471.png,8
28_481.png,28
8_459.png,13
42_450.png,13
35_475.png,13
28_456.png,28
5_491.png,13
25_461.png,13
25_475.png,25
38_456.png,13
5_485.png,13
35_461.png,13
42_487.png,13
13_477.png,13
13_463.png,23
42_493.png,13
20_487.png,20
30_493.png,30
0_477.png,13
0_463.png,0
30_487.png,30
20_493.png,20
16_491.png,16
47_461.png,47
47_475.png,18
16_485.png,8
30_450.png,30
20_450.png,20
20_478.png,20
16_452.png,13
0_488.png,13
30_478.png,30
1_466.png,1
31_482.png,13
21_496.png,13
21_482.png,13
31_496.png,13
46_458.png,46
1_472.png,1
46_470.png,13
17_480.png,13
17_494.png,17
46_464.png,46
21_455.png,12
31_455.png,31
1_499.png,13
21_469.png,13
17_457.png,13
31_469.png,31
31_451.png,13
21_451.png,13
1_489.png,1
17_453.png,13
21_479.png,13
31_479.png,13
1_476.png,1
31_492.png,13
21_486.png,18
21_492.png,13
31_486.png,31
1_462.png,1
46_460.png,46
17_490.png,13
17_484.png,13
46_474.png,46
20_454.png,13
30_454.png,30
20_468.png,13
0_498.png,13
30_468.png,30
16_456.png,16
20_497.png,20
30_483.png,30
0_467.png,13
0_473.png,13
30_497.png,30
47_459.png,47
20_483.png,20
16_481.png,18
47_471.png,47
47_465.png,13
16_495.png,13
35_465.png,13
5_481.png,13
38_452.png,13
25_471.png,13
25_465.png,13
5_495.png,5
28_452.png,28
35_471.png,13
35_459.png,13
42_497.png,13
13_467.png,13
25_459.png,25
13_473.png,13
42_483.png,13
28_485.png,28
42_468.png,13
13_498.png,13
8_475.png,8
38_491.png,13
38_485.png,38
8_461.png,13
28_491.png,13
5_456.png,13
42_454.png,13
24_460.png,13
4_490.png,13
34_474.png,13
29_457.png,13
34_460.png,13
4_484.png,4
24_474.png,23
39_457.png,13
12_476.png,13
43_486.png,43
43_492.png,43
12_462.png,13
39_480.png,39
9_464.png,9
12_489.png,13
29_494.png,13
43_479.png,43
4_453.png,13
29_480.png,13
9_470.png,9
39_494.png,39
9_458.png,9
43_451.png,43
43_450.png,13
9_459.png,9
29_481.png,13
39_495.png,39
9_471.png,9
12_488.png,12
9_465.png,9
39_481.png,39
4_452.png,13
29_495.png,13
43_478.png,43
43_493.png,43
12_463.png,13
12_477.png,13
43_487.png,43
4_485.png,13
34_461.png,13
24_475.png,13
39_456.png,39
24_461.png,13
34_475.png,13
29_456.png,13
4_491.png,4
42_455.png,13
8_460.png,8
38_484.png,13
5_457.png,13
28_490.png,13
28_484.png,13
42_469.png,13
38_490.png,13
8_474.png,13
13_499.png,13
13_472.png,13
25_458.png,13
42_482.png,13
42_496.png,42
35_458.png,39
13_466.png,13
25_464.png,13
28_453.png,28
35_470.png,23
5_494.png,5
5_480.png,13
35_464.png,13
38_453.png,13
25_470.png,13
47_464.png,47
16_494.png,13
16_480.png,16
47_470.png,13
47_458.png,13
30_496.png,30
0_472.png,0
20_482.png,13
20_496.png,20
0_466.png,13
30_482.png,30
30_469.png,13
16_457.png,13
20_469.png,20
0_499.png,13
30_455.png,13
20_455.png,20
17_485.png,18
46_475.png,13
46_461.png,46
17_491.png,13
21_493.png,18
1_463.png,1
31_487.png,13
31_493.png,39
1_477.png,1
21_487.png,18
31_478.png,13
1_488.png,1
21_478.png,13
17_452.png,13
21_450.png,23
31_450.png,13
46_488.png,46
17_478.png,13
21_452.png,40
31_452.png,13
17_450.png,17
31_485.png,37
1_461.png,13
21_491.png,13
21_485.png,18
1_475.png,1
31_491.png,31
46_477.png,46
17_487.png,13
17_493.png,17
46_463.png,46
16_469.png,13
47_499.png,39
30_457.png,30
20_457.png,20
16_455.png,16
20_480.png,13
0_470.png,13
30_494.png,30
30_480.png,30
0_464.png,0
20_494.png,20
16_496.png,13
47_466.png,13
0_458.png,13
47_472.png,47
16_482.png,16
5_496.png,13
35_472.png,13
28_451.png,13
25_466.png,13
25_472.png,25
38_451.png,13
13_458.png,13
35_466.png,13
5_482.png,13
42_480.png,13
38_479.png,23
13_470.png,13
8_489.png,8
13_464.png,13
28_479.png,13
42_494.png,13
28_492.png,28
5_455.png,5
38_486.png,13
8_462.png,8
8_476.png,13
38_492.png,13
28_486.png,13
5_469.png,13
25_499.png,25
42_457.png,42
35_499.png,13
39_454.png,39
24_477.png,13
34_463.png,13
4_487.png,1
4_493.png,13
29_454.png,13
34_477.png,13
24_463.png,32
12_461.png,13
39_468.png,39
43_491.png,43
29_468.png,13
43_485.png,43
12_475.png,13
9_498.png,13
9_473.png,13
39_497.png,23
29_483.png,13
29_497.png,13
4_450.png,4
39_483.png,39
9_467.png,9
24_488.png,39
43_452.png,43
4_478.png,4
34_488.png,13
34_489.png,34
24_489.png,13
4_479.png,4
43_453.png,43
4_451.png,18
29_496.png,13
9_466.png,13
39_482.png,39
39_496.png,39
9_472.png,13
29_482.png,13
29_469.png,13
43_484.png,13
9_499.png,9
12_474.png,13
39_469.png,39
12_460.png,13
43_490.png,43
29_455.png,13
34_476.png,13
4_492.png,13
24_462.png,23
39_455.png,13
24_476.png,13
4_486.png,4
34_462.png,13
35_498.png,13
42_456.png,13
5_468.png,5
25_498.png,13
38_493.png,13
8_477.png,8
28_487.png,13
5_454.png,5
28_493.png,28
8_463.png,13
38_487.png,13
13_465.png,13
8_488.png,8
28_478.png,28
42_495.png,13
42_481.png,13
13_471.png,13
38_478.png,13
13_459.png,13
25_473.png,13
38_450.png,13
5_483.png,13
35_467.png,13
35_473.png,13
28_450.png,13
5_497.png,13
25_467.png,25
47_473.png,23
0_459.png,13
16_483.png,16
16_497.png,16
47_467.png,47
0_465.png,13
30_481.png,30
20_495.png,20
20_481.png,20
30_495.png,30
0_471.png,0
16_454.png,16
20_456.png,48
16_468.png,13
30_456.png,30
47_498.png,47
17_492.png,17
46_462.png,46
46_476.png,46
17_486.png,3
21_484.png,13
31_490.png,39
1_474.png,1
1_460.png,13
31_484.png,39
21_490.png,18
17_451.png,13
31_453.png,4
46_489.png,32
21_453.png,13
17_479.png,17
17_460.png,13
46_490.png,46
46_484.png,46
17_474.png,13
21_476.png,13
31_462.png,31
1_486.png,13
1_492.png,13
31_476.png,31
21_462.png,13
21_489.png,13
46_453.png,46
1_479.png,13
31_489.png,31
1_451.png,1
47_481.png,39
16_471.png,13
16_465.png,13
47_495.png,47
0_497.png,0
30_473.png,30
20_467.png,13
20_473.png,20
16_459.png,16
30_467.png,30
0_483.png,0
0_468.png,13
20_498.png,20
47_456.png,39
30_498.png,13
0_454.png,13
13_454.png,18
38_461.png,38
8_485.png,8
13_468.png,13
42_498.png,13
35_456.png,13
28_475.png,28
28_461.png,47
8_491.png,48
25_456.png,25
38_475.png,13
13_497.png,13
42_467.png,42
5_459.png,18
42_473.png,13
13_483.png,13
25_481.png,25
5_471.png,13
35_495.png,13
35_481.png,13
5_465.png,5
25_495.png,13
8_452.png,8
29_458.png,13
12_451.png,13
39_458.png,39
43_489.png,43
29_464.png,13
12_479.png,13
9_494.png,9
39_470.png,39
24_453.png,13
39_464.png,39
9_480.png,9
29_470.png,13
34_453.png,13
43_476.png,43
12_486.png,13
12_492.png,13
43_462.png,43
34_484.png,13
4_460.png,13
24_490.png,23
9_457.png,9
24_484.png,13
4_474.png,4
34_490.png,34
24_485.png,13
34_491.png,13
4_475.png,13
4_461.png,13
34_485.png,13
9_456.png,9
24_491.png,13
12_493.png,13
43_463.png,43
43_477.png,43
12_487.png,13
9_481.png,13
39_465.png,39
29_471.png,13
34_452.png,13
43_488.png,13
29_465.png,13
39_471.png,39
24_452.png,13
9_495.png,13
12_478.png,13
39_459.png,39
12_450.png,13
29_459.png,13
5_464.png,13
35_480.png,13
8_453.png,15
25_494.png,25
25_480.png,13
35_494.png,13
5_470.png,13
42_472.png,13
5_458.png,5
13_482.png,13
13_496.png,13
42_466.png,13
28_460.png,28
25_457.png,25
38_474.png,13
8_490.png,13
13_469.png,13
8_484.png,13
38_460.png,13
35_457.png,13
42_499.png,42
28_474.png,28
13_455.png,13
0_455.png,13
30_499.png,30
47_457.png,13
0_469.png,13
20_499.png,13
16_458.png,16
20_472.png,20
0_482.png,13
30_466.png,30
30_472.png,13
0_496.png,13
20_466.png,20
16_464.png,16
47_494.png,47
47_480.png,13
16_470.png,27
1_450.png,13
31_488.png,31
21_488.png,13
1_478.png,13
46_452.png,46
31_477.png,13
1_493.png,1
21_463.png,18
21_477.png,13
1_487.png,1
31_463.png,31
46_485.png,46
17_475.png,13
17_461.png,13
46_491.png,46
17_477.png,17
46_487.png,46
46_493.png,46
17_463.png,13
21_461.png,13
1_491.png,1
31_475.png,9
31_461.png,31
1_485.png,13
21_475.png,18
46_450.png,13
17_488.png,13
46_478.png,46
1_452.png,13
30_458.png,30
47_496.png,47
16_466.png,16
20_458.png,20
16_472.png,16
47_482.png,47
30_464.png,13
0_480.png,13
20_470.png,13
20_464.png,20
0_494.png,13
30_470.png,30
47_455.png,47
47_469.png,47
16_499.png,15
0_457.png,0
25_469.png,13
5_499.png,13
35_469.png,13
13_457.png,13
8_492.png,13
38_476.png,13
25_455.png,13
28_462.png,28
28_476.png,28
35_455.png,13
38_462.png,38
8_486.png,48
13_480.png,13
38_489.png,13
42_470.png,42
42_464.png,13
28_489.png,13
13_494.png,13
8_479.png,47
25_496.png,13
8_451.png,8
35_482.png,18
5_466.png,13
5_472.png,13
35_496.png,13
42_458.png,13
25_482.png,13
4_488.png,4
12_452.png,12
24_478.png,13
34_478.png,13
34_450.png,34
29_473.png,13
39_467.png,39
9_483.png,9
9_497.png,13
24_450.png,13
39_473.png,39
29_467.png,13
43_461.png,19
39_498.png,13
12_491.png,13
9_468.png,9
12_485.png,13
43_475.png,13
29_498.png,13
4_477.png,13
34_493.png,13
24_487.png,13
24_493.png,13
9_454.png,13
34_487.png,34
4_463.png,13
9_455.png,13
24_492.png,39
4_462.png,23
34_486.png,34
34_492.png,13
4_476.png,13
24_486.png,13
12_484.png,13
9_469.png,13
43_474.png,43
29_499.png,13
43_460.png,13
12_490.png,12
39_499.png,23
24_451.png,13
39_472.png,39
9_496.png,13
29_466.png,41
34_451.png,13
29_472.png,13
9_482.png,9
39_466.png,39
34_479.png,13
4_489.png,4
24_479.png,39
12_453.png,13
42_459.png,42
35_497.png,13
5_473.png,13
25_483.png,13
8_450.png,8
25_497.png,25
5_467.png,13
35_483.png,39
42_465.png,13
28_488.png,28
8_478.png,8
13_495.png,13
38_488.png,13
13_481.png,13
42_471.png,13
28_477.png,28
35_454.png,13
8_487.png,13
38_463.png,13
38_477.png,13
25_454.png,13
8_493.png,8
28_463.png,28
35_468.png,13
13_456.png,39
25_468.png,13
5_498.png,13
0_456.png,0
47_468.png,47
16_498.png,13
47_454.png,13
20_465.png,20
30_471.png,30
0_495.png,13
0_481.png,13
30_465.png,13
20_471.png,20
16_473.png,16
20_459.png,20
47_483.png,13
47_497.png,8
30_459.png,30
16_467.png,13
17_489.png,17
1_453.png,1
46_479.png,46
46_451.png,46
1_484.png,1
31_460.png,13
21_474.png,13
21_460.png,13
31_474.png,13
1_490.png,13
46_492.png,46
17_462.png,22
17_476.png,17
46_486.png,46
1_494.png,1
31_470.png,13
21_464.png,18
21_470.png,18
31_464.png,13
1_480.png,13
46_482.png,46
21_458.png,13
17_472.png,44
17_466.png,17
46_496.png,46
31_458.png,39
1_457.png,1
17_499.png,17
46_469.png,46
46_455.png,46
20_475.png,13
30_461.png,30
0_485.png,13
0_491.png,0
30_475.png,30
20_461.png,13
16_463.png,16
47_493.png,47
47_487.png,13
16_477.png,16
47_478.png,47
0_452.png,13
16_488.png,16
47_450.png,47
28_467.png,28
8_497.png,8
25_450.png,13
38_473.png,38
38_467.png,38
8_483.png,8
35_450.png,13
28_473.png,13
35_478.png,13
13_452.png,13
25_478.png,25
5_488.png,39
35_487.png,13
5_463.png,13
25_493.png,13
8_454.png,13
25_487.png,25
5_477.png,13
35_493.png,13
42_475.png,42
28_498.png,13
13_485.png,13
8_468.png,8
38_498.png,13
13_491.png,13
42_461.png,42
39_462.png,13
9_486.png,13
29_476.png,13
34_455.png,13
29_462.png,13
9_492.png,13
39_476.png,39
24_455.png,13
12_457.png,13
34_469.png,13
4_499.png,13
24_469.png,18
24_482.png,13
4_472.png,13
43_458.png,43
34_496.png,34
34_482.png,13
4_466.png,4
24_496.png,13
9_451.png,9
9_479.png,9
12_494.png,13
43_464.png,43
29_489.png,13
43_470.png,13
12_480.png,13
39_489.png,13
43_471.png,48
39_488.png,39
12_481.png,13
12_495.png,12
9_478.png,9
43_465.png,13
29_488.png,13
4_467.png,13
34_483.png,13
9_450.png,9
24_497.png,13
24_483.png,46
34_497.png,13
43_459.png,19
4_473.png,13
4_498.png,4
24_468.png,39
12_456.png,13
34_468.png,13
29_463.png,13
39_477.png,39
24_454.png,13
9_493.png,13
9_487.png,9
39_463.png,23
29_477.png,13
34_454.png,13
13_490.png,13
38_499.png,13
42_460.png,42
42_474.png,42
28_499.png,13
8_469.png,8
13_484.png,13
25_486.png,13
35_492.png,13
5_476.png,13
5_462.png,13
35_486.png,13
8_455.png,8
25_492.png,25
25_479.png,13
13_453.png,13
5_489.png,5
35_479.png,13
8_482.png,8
38_466.png,13
35_451.png,10
28_472.png,13
28_466.png,13
25_451.png,13
38_472.png,13
8_496.png,8
47_451.png,11
0_453.png,13
47_479.png,13
16_489.png,13
47_486.png,13
16_476.png,16
16_462.png,13
47_492.png,13
30_474.png,30
0_490.png,13
20_460.png,13
20_474.png,20
0_484.png,13
30_460.png,30
46_454.png,46
17_498.png,13
46_468.png,46
1_456.png,1
17_467.png,17
31_459.png,13
46_497.png,46
46_483.png,13
17_473.png,17
21_459.png,18
21_471.png,18
1_481.png,13
31_465.png,18
31_471.png,13
1_495.png,13
21_465.png,13
31_467.png,13
1_483.png,1
21_473.png,18
17_459.png,13
21_467.png,13
1_497.png,13
31_473.png,31
46_495.png,46
17_465.png,13
17_471.png,17
46_481.png,46
1_454.png,1
31_498.png,13
46_456.png,46
21_498.png,13
1_468.png,1
20_462.png,13
0_492.png,13
30_476.png,13
30_462.png,30
0_486.png,13
20_476.png,20
16_474.png,18
47_484.png,47
47_490.png,47
16_460.png,39
0_451.png,13
30_489.png,30
47_453.png,47
0_479.png,13
20_489.png,20
28_470.png,13
35_453.png,13
38_464.png,13
8_480.png,8
8_494.png,8
13_479.png,18
38_470.png,13
25_453.png,25
42_489.png,13
28_464.png,13
13_451.png,13
38_458.png,13
28_458.png,13
5_474.png,5
35_490.png,13
25_484.png,13
25_490.png,25
8_457.png,8
35_484.png,13
5_460.png,13
42_462.png,13
13_492.png,13
13_486.png,13
42_476.png,42
9_491.png,9
24_456.png,13
39_475.png,39
29_461.png,13
34_456.png,13
43_498.png,43
29_475.png,13
39_461.png,39
12_468.png,23
9_485.png,9
12_454.png,13
24_495.png,13
9_452.png,9
34_481.png,34
4_465.png,13
4_471.png,13
34_495.png,13
24_481.png,13
12_483.png,12
4_459.png,4
43_473.png,13
43_467.png,43
12_497.png,13
43_466.png,43
12_496.png,13
12_482.png,13
43_472.png,13
4_458.png,13
34_494.png,13
4_470.png,4
24_480.png,13
9_453.png,9
24_494.png,13
4_464.png,13
34_480.png,13
12_455.png,13
43_499.png,43
34_457.png,13
29_474.png,13
9_484.png,13
12_469.png,13
39_460.png,39
24_457.png,13
39_474.png,39
9_490.png,9
29_460.png,13
13_487.png,25
42_477.png,13
42_463.png,42
13_493.png,23
8_456.png,13
25_491.png,25
5_461.png,13
35_485.png,13
35_491.png,13
5_475.png,13
25_485.png,13
28_459.png,13
38_459.png,13
13_450.png,13
38_471.png,13
25_452.png,25
13_478.png,13
8_495.png,13
42_488.png,42
28_465.png,28
28_471.png,13
35_452.png,39
8_481.png,13
38_465.png,13
0_478.png,13
47_452.png,47
20_488.png,20
30_488.png,13
0_450.png,0
47_491.png,47
16_461.png,13
16_475.png,16
47_485.png,47
0_487.png,13
30_463.png,30
20_477.png,13
20_463.png,18
30_477.png,13
0_493.png,0
21_499.png,13
1_469.png,13
46_457.png,46
31_499.png,13
1_455.png,13
17_470.png,13
46_480.png,46
46_494.png,46
17_464.png,17
21_466.png,13
31_472.png,31
1_496.png,1
1_482.png,1
31_466.png,31
17_458.png,17
21_472.png,13
11_491.png,11
40_461.png,40
40_475.png,40
11_485.png,11
27_487.png,27
37_493.png,37
7_477.png,13
7_463.png,13
37_487.png,37
27_493.png,27
27_478.png,27
11_452.png,13
7_488.png,13
37_478.png,37
37_450.png,37
27_450.png,13
41_470.png,13
10_480.png,13
10_494.png,10
41_464.png,13
6_466.png,13
36_482.png,13
26_496.png,13
26_482.png,13
36_496.png,13
41_458.png,13
6_472.png,13
6_499.png,23
26_469.png,13
10_457.png,13
36_469.png,36
26_455.png,13
36_455.png,13
49_462.png,49
18_492.png,18
44_455.png,44
18_486.png,18
49_476.png,13
15_499.png,15
44_469.png,44
3_457.png,13
15_466.png,15
33_458.png,33
44_496.png,44
18_451.png,18
44_482.png,44
15_472.png,15
23_458.png,23
23_470.png,39
3_480.png,3
33_464.png,13
33_470.png,33
18_479.png,13
3_494.png,3
23_464.png,13
49_489.png,49
19_483.png,38
48_473.png,48
48_467.png,13
19_497.png,18
45_450.png,45
2_452.png,2
45_478.png,45
14_488.png,13
45_487.png,45
14_477.png,14
14_463.png,18
45_493.png,45
19_454.png,19
32_475.png,32
2_491.png,2
22_461.png,22
22_475.png,22
48_498.png,13
2_485.png,13
19_468.png,13
32_461.png,32
22_474.png,13
48_499.png,48
32_460.png,32
19_469.png,13
2_484.png,2
2_490.png,2
32_474.png,13
22_460.png,22
14_462.png,18
19_455.png,13
45_492.png,45
45_486.png,45
14_476.png,37
45_479.png,45
2_453.png,2
14_489.png,14
48_466.png,22
45_451.png,45
19_496.png,19
19_482.png,19
48_472.png,48
3_495.png,3
18_478.png,13
33_471.png,13
23_465.png,23
49_488.png,49
23_471.png,23
33_465.png,33
3_481.png,13
44_483.png,44
23_459.png,13
15_473.png,15
15_467.png,13
18_450.png,18
44_497.png,44
33_459.png,13
3_456.png,3
15_498.png,15
44_468.png,44
18_487.png,18
49_477.png,49
49_463.png,13
44_454.png,44
18_493.png,18
36_454.png,13
26_454.png,13
10_456.png,13
36_468.png,13
6_498.png,18
26_468.png,13
26_483.png,13
6_473.png,13
41_459.png,13
36_497.png,13
36_483.png,13
6_467.png,13
26_497.png,13
10_495.png,13
41_465.png,13
41_471.png,13
10_481.png,10
27_451.png,27
37_451.png,37
37_479.png,37
11_453.png,44
27_479.png,13
7_489.png,13
37_486.png,37
7_462.png,13
27_492.png,27
27_486.png,27
7_476.png,13
37_492.png,37
40_474.png,40
11_484.png,11
11_490.png,11
40_460.png,40
11_486.png,11
40_476.png,40
40_462.png,40
11_492.png,39
27_490.png,27
7_460.png,23
37_484.png,37
37_490.png,37
7_474.png,7
27_484.png,13
11_451.png,11
27_453.png,27
11_479.png,11
40_489.png,40
37_453.png,37
41_467.png,13
10_497.png,13
10_483.png,10
41_473.png,10
6_459.png,13
36_495.png,36
6_471.png,39
26_481.png,13
26_495.png,26
6_465.png,13
36_481.png,13
10_454.png,13
41_498.png,39
36_456.png,36
10_468.png,13
26_456.png,13
23_498.png,13
49_475.png,13
3_468.png,13
18_485.png,18
18_491.png,18
44_456.png,44
33_498.png,48
49_461.png,49
3_454.png,3
15_471.png,15
44_481.png,44
44_495.png,44
18_452.png,18
15_465.png,15
23_467.png,13
33_473.png,48
3_497.png,13
3_483.png,3
33_467.png,33
15_459.png,15
23_473.png,23
19_494.png,13
2_479.png,2
45_453.png,45
22_489.png,22
48_464.png,13
48_470.png,48
32_489.png,13
19_480.png,19
48_458.png,48
2_451.png,44
45_490.png,13
19_457.png,13
14_460.png,13
14_474.png,14
45_484.png,45
2_486.png,2
32_462.png,13
22_476.png,13
22_462.png,22
32_476.png,32
2_492.png,2
22_463.png,22
2_493.png,2
32_477.png,13
32_463.png,13
2_487.png,13
22_477.png,22
14_475.png,13
45_485.png,45
19_456.png,13
45_491.png,45
14_461.png,37
2_450.png,2
48_459.png,13
48_471.png,48
19_481.png,13
32_488.png,32
45_452.png,45
2_478.png,2
19_495.png,19
22_488.png,48
48_465.png,47
33_466.png,48
3_482.png,3
23_472.png,13
15_458.png,15
23_466.png,39
3_496.png,3
33_472.png,13
18_453.png,18
44_494.png,44
15_464.png,13
15_470.png,13
44_480.png,44
3_455.png,3
33_499.png,48
44_457.png,44
18_490.png,13
49_460.png,49
23_499.png,23
49_474.png,49
18_484.png,13
3_469.png,3
26_457.png,13
36_457.png,36
41_499.png,39
10_469.png,13
10_455.png,13
26_494.png,26
36_480.png,11
6_464.png,13
6_470.png,13
36_494.png,36
26_480.png,13
10_482.png,13
6_458.png,13
41_472.png,13
41_466.png,13
10_496.png,10
37_452.png,37
11_478.png,8
27_452.png,27
40_488.png,40
11_450.png,11
7_475.png,13
37_491.png,37
27_485.png,27
27_491.png,13
37_485.png,37
7_461.png,23
40_463.png,40
11_493.png,11
11_487.png,11
40_477.png,40
7_465.png,13
37_481.png,37
27_495.png,27
27_481.png,27
37_495.png,37
7_471.png,13
40_473.png,40
7_459.png,13
11_483.png,13
11_497.png,11
40_467.png,1
27_456.png,13
11_468.png,13
37_456.png,37
40_498.png,40
11_454.png,11
26_484.png,13
36_490.png,36
6_474.png,13
6_460.png,13
36_484.png,13
26_490.png,13
10_492.png,13
41_462.png,13
41_476.png,13
10_486.png,13
36_453.png,36
41_489.png,13
26_453.png,13
10_479.png,13
10_451.png,13
3_451.png,3
49_458.png,49
33_489.png,13
18_480.png,13
49_470.png,49
23_489.png,23
49_464.png,49
3_479.png,13
18_494.png,13
44_453.png,13
33_476.png,48
3_492.png,3
23_462.png,13
23_476.png,18
3_486.png,3
33_462.png,33
44_484.png,13
15_474.png,47
15_460.png,15
44_490.png,44
18_457.png,18
2_454.png,13
48_461.png,8
19_491.png,19
32_498.png,32
45_456.png,45
19_485.png,19
2_468.png,2
22_498.png,22
48_475.png,13
14_459.png,37
22_473.png,48
2_483.png,39
32_467.png,13
32_473.png,32
2_497.png,2
22_467.png,13
14_465.png,18
45_495.png,45
19_452.png,19
45_481.png,45
14_471.png,18
45_480.png,45
14_470.png,13
14_464.png,37
19_453.png,19
45_494.png,45
2_496.png,13
32_472.png,13
22_466.png,22
22_472.png,22
14_458.png,13
32_466.png,32
2_482.png,2
2_469.png,2
19_484.png,13
22_499.png,13
48_474.png,8
48_460.png,48
45_457.png,13
32_499.png,32
19_490.png,19
2_455.png,2
15_461.png,8
18_456.png,18
44_491.png,44
44_485.png,44
15_475.png,18
23_477.png,13
33_463.png,13
3_487.png,3
3_493.png,13
33_477.png,48
23_463.png,23
23_488.png,13
49_465.png,13
44_452.png,44
18_495.png,13
3_478.png,3
18_481.png,18
33_488.png,33
49_471.png,13
49_459.png,13
3_450.png,13
10_450.png,13
41_488.png,9
10_478.png,10
26_452.png,13
36_452.png,36
41_477.png,13
10_487.png,13
10_493.png,13
41_463.png,13
36_485.png,36
6_461.png,23
26_491.png,13
26_485.png,13
6_475.png,13
36_491.png,39
11_455.png,13
11_469.png,11
40_499.png,1
37_457.png,37
27_457.png,13
11_496.png,11
40_466.png,40
7_458.png,13
40_472.png,40
11_482.png,11
27_480.png,27
7_470.png,13
37_494.png,37
37_480.png,37
7_464.png,13
27_494.png,27
40_458.png,40
37_496.png,37
7_472.png,13
27_482.png,27
27_496.png,27
7_466.png,13
37_482.png,37
40_464.png,40
11_494.png,47
11_480.png,11
40_470.png,13
37_455.png,37
27_455.png,13
37_469.png,37
11_457.png,11
27_469.png,27
7_499.png,7
26_493.png,13
6_463.png,13
36_487.png,36
36_493.png,13
6_477.png,13
26_487.png,13
10_485.png,10
41_475.png,13
41_461.png,13
10_491.png,13
26_450.png,13
36_450.png,19
36_478.png,36
6_488.png,23
26_478.png,13
10_452.png,13
15_488.png,15
3_452.png,3
44_478.png,44
18_497.png,18
44_450.png,44
49_467.png,13
49_473.png,49
18_483.png,18
18_468.png,13
3_485.png,13
33_461.png,48
23_475.png,23
49_498.png,13
23_461.png,23
33_475.png,13
3_491.png,3
44_493.png,44
18_454.png,18
15_463.png,13
15_477.png,13
44_487.png,44
2_457.png,2
45_469.png,45
14_499.png,13
48_476.png,48
19_486.png,13
19_492.png,19
45_455.png,45
48_462.png,13
22_464.png,22
48_489.png,48
32_470.png,13
2_494.png,2
19_479.png,13
2_480.png,2
32_464.png,46
22_470.png,13
14_472.png,13
22_458.png,22
45_482.png,45
45_496.png,45
32_458.png,32
19_451.png,19
14_466.png,13
19_450.png,13
32_459.png,32
45_497.png,45
14_467.png,13
22_459.png,13
14_473.png,14
45_483.png,45
32_465.png,32
2_481.png,13
22_471.png,22
22_465.png,22
48_488.png,48
19_478.png,13
2_495.png,13
32_471.png,32
45_454.png,45
19_493.png,13
48_463.png,48
48_477.png,48
19_487.png,19
45_468.png,45
14_498.png,18
2_456.png,2
15_476.png,13
44_486.png,44
18_455.png,18
44_492.png,44
15_462.png,8
23_460.png,13
3_490.png,3
33_474.png,48
33_460.png,13
3_484.png,3
18_469.png,23
23_474.png,23
49_499.png,49
49_472.png,49
18_482.png,18
44_451.png,44
18_496.png,18
49_466.png,49
15_489.png,8
44_479.png,13
3_453.png,13
6_489.png,13
10_453.png,13
26_479.png,13
36_479.png,13
36_451.png,36
26_451.png,13
41_460.png,13
10_490.png,39
10_484.png,10
41_474.png,13
6_476.png,13
36_492.png,13
26_486.png,13
26_492.png,13
36_486.png,36
6_462.png,13
27_468.png,3
7_498.png,13
37_468.png,37
11_456.png,11
27_454.png,27
37_454.png,37
11_481.png,13
40_471.png,40
40_465.png,40
11_495.png,13
27_497.png,27
37_483.png,37
7_467.png,13
7_473.png,7
37_497.png,37
40_459.png,40
27_483.png,27
